189395431,2023-09-17 16:50:21,Addtocart
198798239,2023-09-17 12:57:23,Purchase
146411811,2023-09-17 15:35:32,PageView
167903738,2023-09-17 16:27:08,Purchase
151859447,2023-09-17 02:14:12,Purchase
137704025,2023-09-17 08:24:58,PageView
137063857,2023-09-17 04:04:38,PageView
141231827,2023-09-17 18:16:19,Addtocart
115830840,2023-09-17 22:53:15,SendPost
165737847,2023-09-17 06:29:13,SendPost
15096120,2023-09-17 04:46:41,PageView
166875116,2023-09-17 05:02:06,SendPost
175884064,2023-09-17 12:29:49,PageView
147992230,2023-09-17 20:10:09,SendPost
130950359,2023-09-17 16:31:31,SendPost
137652993,2023-09-17 21:28:06,Purchase
145016629,2023-09-17 05:33:16,PageView
16070483,2023-09-17 11:09:07,PageView
174847170,2023-09-17 06:27:57,Purchase
170198289,2023-09-17 00:06:17,Addtocart
