{"nagouzil": ["@ayoubagouzil", "@BadoAbdo", "@MehdiElIdriss23", "@ReyadHanine7", "@grandcanyon77", "@zinebmouchrik", "@jainaman_", "@MahmuduR_Design", "@DesignsNoved", "@Isaisma1", "@zohair79262319", "@ZotefeJean", "@Fervidlife", "@miswa1996", "@iAmThatBoyAB", "@Ucefmab", "@adel3364", "@RayditeEDM", "@tonysky13300", "@KunaKurtys", "@Antonio40210034", "@jose130133", "@1470_walid", "@saadsanir", "@MyCasablanca", "@saadgfh3", "@saadgfh2", "@rosina89046245", "@amagouzil"], "@yassineaitjeddi": ["@kagutsuuchi", "@mestizabarbie", "@BadoAbdo", "@RahBeautyy", "@TahaAlamIdrissi"], "TahaAlamIdrissi": ["@cauetofficiel", "@vanessapalayar", "@JCE_Correction", "@neo4j", "@SobunUng", "@Ngunde6", "@_hamza_tam_", "@Roberto87286336", "@ronenagranat", "@metasfresh", "@Amazonca1", "@danieldeluca", "@AbidSoukayna", "@Always_OP", "@FlexxxBoii", "@DahbaniAmine", "@ZotefeJean", "@BadoAbdo", "@Yassineaitjeddi", "@mestizabarbie", "@NAgouzil", "@christkas", "@PromlnentQuotes", "@LeeEllis82", "@PLtizia", "@musictune6", "@kim_lebrasseur", "@mvgot", "@MilanistyCendil", "@maeva_du", "@thmessone", "@2015_Jun", "@AchrafJaffar", "@valensom", "@wendel_ilson", "@antonio2117355", "@karimhalstembac", "@NatalieJoubran", "@_m82dir_", "@Alexanderrickz", "@dope2kicks", "@unnaaa_", "@Tengky_Boys", "@Newest_Swagg", "@JojorBasa", "@AyuSavitri22", "@BieberBieberyoo", "@JamilyRanubia", "@CumiCumaCumi", "@siskingjumper"], "@Nabila_Gl": [], "geceeekusuu": [], "@pabu232": ["@neslihan_doruk", "@DeVallah", "@1907DisiCanary", "@gencordu5254", "@srimedzo", "@SelcukYILMAZ67", "@hlysndkc", "@bg1907", "@tolgom", "@METEOR28FB1907", "@AsliAydog1907", "@fbliyiz67", "@timurcin71", "@FB__RT", "@21rcp_official", "@1907kdkl1907", "@Bir_asktir_FB", "@kanaryaS1", "@ozkanozkaya_", "@hazelkknel", "@TanerrYLMZ", "@TRKaganKaya", "@katoxxyg1", "@TR_Kampanya", "@melihbozkir", "@twitslh02", "@flzklc_", "@sait733", "@AslUzungor", "@jawadyousaf22", "@erhan_arkboga", "@ismailsahin30", "@MutluSepetler", "@sibelozkaya75", "@lorenzoAWT", "@BideSuba", "@plutarch79", "@Bekturk_", "@kvrckkk19", "@unitysoftus", "@bostanci_27", "@LAB_Theatre", "@aysenur542001", "@incei1", "@72Osmank", "@Fara_cosens", "@mustafevrenimiz", "@aslimaniac", "@GobekGobus", "@k_a_a_n_f_a_c_e"], "@av_ahmet": ["@tuerdem", "@feritdemiralp", "@ertdoganer", "@ZYelok", "@YlmzOzkrl", "@doganozgiray", "@sabri_dndar", "@infaktabirlik", "@demirbasmh", "@kumrupaa", "@nevingok", "@avibrahim1", "@OkatanZafer", "@izavrak", "@Yusufzk78494286", "@turkoguzata", "@ist_mag", "@direnozgul", "@simsekhukuk55", "@GulsahGorur", "@metecokpeker", "@Kristin93483985", "@zeynepc23", "@HamidYousefzay", "@yasin1brk", "@duysertt", "@ocavadana", "@tractorfcstore", "@rumeysaSMA", "@EmreMutlu53532", "@Nedim19609278", "@alikaracalii", "@AlperKa04492972", "@birhilal_krb", "@sukranelmass", "@caneryenidunya", "@Yavuznci7", "@Bulent_2702", "@ycakcali", "@ilhantumerr", "@gokhan_tunal", "@hudergencadana", "@savgundz", "@fatihkaya28", "@Semiyanow", "@ismailyildiz152", "@avhasany", "@GokhanSizgen", "@matacana3", "@osmanbeniz"], "@x_born_to_die_x": ["@meriilyn", "@___tutunamayan", "@kofffuku", "@blueoflycia", "@sofunnyhahha", "@likeablejustin", "@elzionx", "@xHaroldxx", "@weforeveryoungg", "@damlaacevikk", "@enisgerikoglu", "@VISIONMXIMOFF", "@serifecankaya", "@elifokr", "@abiihadiiyaa", "@asabikuzuu", "@mayragu17370283", "@nuteIIazayn", "@rosendaggerr28", "@StylesHazza12", "@Muhamme12098012", "@ideaofsource", "@cocomertali", "@pabucumun_stari", "@zynpna", "@Big_Account_", "@Mavi_Uzay_Gece", "@furkanyazici37", "@temmuzdefteri", "@ataturkfoto", "@cimbombomm_1905", "@zeynepdemirTR", "@musasssssss", "@uzerine_ask", "@Esrayld15192756", "@dirennbjk", "@ankaraanews", "@murat_ylman", "@Gormeden_Olme", "@burcunprensesi", "@eroglu_lara", "@yasemin_kayg", "@simeterlik", "@Face_Kim_Bakti", "@gorkemtoklufan", "@ecemyuksel12", "@aysegurbuz12", "@yusufrayeker", "@GeRiTaKiPVaR5", "@AgacWoody"]}