132293858,siteb.com,2023-09-17 08:20:55,SendPost
111401685,siteb.com,2023-09-17 09:21:37,Purchase
132293858,sitea.com,2023-09-17 10:43:40,SendPost
156827018,sitea.com,2023-09-17 22:27:39,PageView
145635055,sitea.com,2023-09-17 14:21:29,PageView
132293858,siteb.com,2023-09-17 10:07:17,SendPost
1422285,siteb.com,2023-09-17 12:53:40,PageView
168422190,siteb.com,2023-09-17 09:13:56,Purchase
156623897,sitea.com,2023-09-17 06:33:21,Purchase
1938307,sitea.com,2023-09-17 17:12:07,Purchase
153499936,siteb.com,2023-09-17 18:41:28,Purchase
119590230,sitea.com,2023-09-17 14:46:39,PageView
131070653,sitea.com,2023-09-17 14:54:23,Purchase
132293858,sitea.com,2023-09-17 12:22:55,SendPost
121178451,siteb.com,2023-09-17 09:57:46,SendPost
172418297,sitea.com,2023-09-17 15:45:51,Purchase
110809701,sitea.com,2023-09-17 13:00:42,PageView
173514926,siteb.com,2023-09-17 03:19:42,Purchase
119408510,siteb.com,2023-09-17 01:55:26,Purchase
149523496,siteb.com,2023-09-17 23:20:26,Purchase
155593858,sitea.com,2023-09-17 12:22:55,SendPost
